"shipping_delay_days","is_late_delivery","profit_margin"
-1,0,"0.29001397077865505540"
1,1,"-0.80000644906248123173"
0,0,"-0.80001290791677809150"
-1,0,"0.07499754204256455137"
-2,0,"0.44999164023470243085"
2,1,"0.06298731855427315717"
1,1,"0.33000483977510279112"
1,1,"0.23998736342212419877"
1,1,"0.47998852426848608993"
1,1,"0.48000434075046463187"
